{"cameraMode":{"drawMode":0,"name":"Shaded","section":"Shading Mode"},"sceneLighting":false,"audioPlay":false,"sceneViewState":{"showFog":true,"showMaterialUpdate":false,"showSkybox":true,"showFlares":true,"showImageEffects":true,"showParticleSystems":true},"in2DMode":false,"pivot":{"x":-9.527121543884278,"y":13.270331382751465,"z":-22.190792083740236},"rotation":{"x":-0.19386614859104157,"y":0.0702298954129219,"z":-0.014234446920454502,"w":-0.978575587272644},"size":0.1161506250500679,"orthographic":false}